target,stages,latency_samples,input_profile,mode,run,rate_hz,prepared_block,actual_block,scenario,timing_count,sampling_stride,warmup_projected_callbacks,calibrated_callbacks,measurement_seconds,median_ns,p95_ns,p99_ns,max_ns,timer_only_median_ns,p99_budget_ns,p99_block_deadline_fraction,p99_budget_fraction,qualified,reason,cpu,architecture,physical_memory,os,sdk,compiler,power_scheme_guid,ac_status,battery_percent,topology,affinity,conditions,thermal_measurement
production-gain,1,0,ordinary,diagnostic,1,48000,32,32,steady,200000,218,61709082.658,32719230.184,10.000,100.000,300.000,300.000,240500.000,0.000,6666.667,0.000,0.045,false,"200000 timing capacity exhausted; full window retained, sampled distribution truncated; unpinned battery diagnostic; reference qualification unavailable","Intel(R) Core(TM) Ultra 7 155H","processor_architecture=9; logical_processors=22","33752997888 bytes","Windows 10.0.26300","10.0.26100.0","MSVC 1951 full=195136252 Release x64","{381b4222-f694-41f0-9685-ff5bb260df2e}","battery","41%","class=1/group=0/mask=0x3;class=0/group=0/mask=0x4;class=0/group=0/mask=0x8;class=0/group=0/mask=0x10;class=0/group=0/mask=0x20;class=0/group=0/mask=0x40;class=0/group=0/mask=0x80;class=0/group=0/mask=0x100;class=0/group=0/mask=0x200;class=1/group=0/mask=0xc00;class=1/group=0/mask=0x3000;class=1/group=0/mask=0xc000;class=1/group=0/mask=0x30000;class=1/group=0/mask=0xc0000;class=0/group=0/mask=0x100000;class=0/group=0/mask=0x200000; process_mask=0x3fffff","unpinned diagnostic","Battery diagnostic requested by user; builds/tests complete; unpinned; background activity uncontrolled; thermal sensors unavailable","unavailable: no thermal sensor measurement"
production-gain,1,0,ordinary,diagnostic,1,48000,32,32,automation,200000,147,40259115.974,22034437.614,10.000,100.000,300.000,500.000,4539000.000,0.000,6666.667,0.001,0.075,false,"200000 timing capacity exhausted; full window retained, sampled distribution truncated; unpinned battery diagnostic; reference qualification unavailable","Intel(R) Core(TM) Ultra 7 155H","processor_architecture=9; logical_processors=22","33752997888 bytes","Windows 10.0.26300","10.0.26100.0","MSVC 1951 full=195136252 Release x64","{381b4222-f694-41f0-9685-ff5bb260df2e}","battery","41%","class=1/group=0/mask=0x3;class=0/group=0/mask=0x4;class=0/group=0/mask=0x8;class=0/group=0/mask=0x10;class=0/group=0/mask=0x20;class=0/group=0/mask=0x40;class=0/group=0/mask=0x80;class=0/group=0/mask=0x100;class=0/group=0/mask=0x200;class=1/group=0/mask=0xc00;class=1/group=0/mask=0x3000;class=1/group=0/mask=0xc000;class=1/group=0/mask=0x30000;class=1/group=0/mask=0xc0000;class=0/group=0/mask=0x100000;class=0/group=0/mask=0x200000; process_mask=0x3fffff","unpinned diagnostic","Battery diagnostic requested by user; builds/tests complete; unpinned; background activity uncontrolled; thermal sensors unavailable","unavailable: no thermal sensor measurement"
production-gain,1,0,ordinary,diagnostic,1,48000,32,32,bypass,150255,347,51597992.260,52094104.581,10.000,100.000,200.000,300.000,311600.000,0.000,6666.667,0.000,0.045,false,"unpinned battery diagnostic; reference qualification unavailable","Intel(R) Core(TM) Ultra 7 155H","processor_architecture=9; logical_processors=22","33752997888 bytes","Windows 10.0.26300","10.0.26100.0","MSVC 1951 full=195136252 Release x64","{381b4222-f694-41f0-9685-ff5bb260df2e}","battery","41%","class=1/group=0/mask=0x3;class=0/group=0/mask=0x4;class=0/group=0/mask=0x8;class=0/group=0/mask=0x10;class=0/group=0/mask=0x20;class=0/group=0/mask=0x40;class=0/group=0/mask=0x80;class=0/group=0/mask=0x100;class=0/group=0/mask=0x200;class=1/group=0/mask=0xc00;class=1/group=0/mask=0x3000;class=1/group=0/mask=0xc000;class=1/group=0/mask=0x30000;class=1/group=0/mask=0xc0000;class=0/group=0/mask=0x100000;class=0/group=0/mask=0x200000; process_mask=0x3fffff","unpinned diagnostic","Battery diagnostic requested by user; builds/tests complete; unpinned; background activity uncontrolled; thermal sensors unavailable","unavailable: no thermal sensor measurement"
production-gain,1,0,ordinary,diagnostic,1,48000,32,97,oversized,148898,166,24522997.548,24912666.263,10.000,200.000,300.000,400.000,108100.000,0.000,20208.333,0.000,0.020,false,"unpinned battery diagnostic; reference qualification unavailable","Intel(R) Core(TM) Ultra 7 155H","processor_architecture=9; logical_processors=22","33752997888 bytes","Windows 10.0.26300","10.0.26100.0","MSVC 1951 full=195136252 Release x64","{381b4222-f694-41f0-9685-ff5bb260df2e}","battery","41%","class=1/group=0/mask=0x3;class=0/group=0/mask=0x4;class=0/group=0/mask=0x8;class=0/group=0/mask=0x10;class=0/group=0/mask=0x20;class=0/group=0/mask=0x40;class=0/group=0/mask=0x80;class=0/group=0/mask=0x100;class=0/group=0/mask=0x200;class=1/group=0/mask=0xc00;class=1/group=0/mask=0x3000;class=1/group=0/mask=0xc000;class=1/group=0/mask=0x30000;class=1/group=0/mask=0xc0000;class=0/group=0/mask=0x100000;class=0/group=0/mask=0x200000; process_mask=0x3fffff","unpinned diagnostic","Battery diagnostic requested by user; builds/tests complete; unpinned; background activity uncontrolled; thermal sensors unavailable","unavailable: no thermal sensor measurement"
production-gain,1,0,ordinary,diagnostic,1,48000,32,32,mute,152854,360,54192439.581,54000973.800,10.000,100.000,100.000,200.000,82300.000,0.000,6666.667,0.000,0.030,false,"unpinned battery diagnostic; reference qualification unavailable","Intel(R) Core(TM) Ultra 7 155H","processor_architecture=9; logical_processors=22","33752997888 bytes","Windows 10.0.26300","10.0.26100.0","MSVC 1951 full=195136252 Release x64","{381b4222-f694-41f0-9685-ff5bb260df2e}","battery","41%","class=1/group=0/mask=0x3;class=0/group=0/mask=0x4;class=0/group=0/mask=0x8;class=0/group=0/mask=0x10;class=0/group=0/mask=0x20;class=0/group=0/mask=0x40;class=0/group=0/mask=0x80;class=0/group=0/mask=0x100;class=0/group=0/mask=0x200;class=1/group=0/mask=0xc00;class=1/group=0/mask=0x3000;class=1/group=0/mask=0xc000;class=1/group=0/mask=0x30000;class=1/group=0/mask=0xc0000;class=0/group=0/mask=0x100000;class=0/group=0/mask=0x200000; process_mask=0x3fffff","unpinned diagnostic","Battery diagnostic requested by user; builds/tests complete; unpinned; background activity uncontrolled; thermal sensors unavailable","unavailable: no thermal sensor measurement"
production-gain,1,0,ordinary,diagnostic,1,96000,32,32,steady,141962,421,62736773.726,63095156.071,10.000,100.000,100.000,200.000,33600.000,0.000,3333.333,0.001,0.060,false,"unpinned battery diagnostic; reference qualification unavailable","Intel(R) Core(TM) Ultra 7 155H","processor_architecture=9; logical_processors=22","33752997888 bytes","Windows 10.0.26300","10.0.26100.0","MSVC 1951 full=195136252 Release x64","{381b4222-f694-41f0-9685-ff5bb260df2e}","battery","40%","class=1/group=0/mask=0x3;class=0/group=0/mask=0x4;class=0/group=0/mask=0x8;class=0/group=0/mask=0x10;class=0/group=0/mask=0x20;class=0/group=0/mask=0x40;class=0/group=0/mask=0x80;class=0/group=0/mask=0x100;class=0/group=0/mask=0x200;class=1/group=0/mask=0xc00;class=1/group=0/mask=0x3000;class=1/group=0/mask=0xc000;class=1/group=0/mask=0x30000;class=1/group=0/mask=0xc0000;class=0/group=0/mask=0x100000;class=0/group=0/mask=0x200000; process_mask=0x3fffff","unpinned diagnostic","Battery diagnostic requested by user; builds/tests complete; unpinned; background activity uncontrolled; thermal sensors unavailable","unavailable: no thermal sensor measurement"
production-gain,1,0,ordinary,diagnostic,1,96000,32,32,automation,141898,310,45407680.459,46558822.672,10.000,100.000,200.000,300.000,387400.000,0.000,3333.333,0.001,0.090,false,"unpinned battery diagnostic; reference qualification unavailable","Intel(R) Core(TM) Ultra 7 155H","processor_architecture=9; logical_processors=22","33752997888 bytes","Windows 10.0.26300","10.0.26100.0","MSVC 1951 full=195136252 Release x64","{381b4222-f694-41f0-9685-ff5bb260df2e}","battery","40%","class=1/group=0/mask=0x3;class=0/group=0/mask=0x4;class=0/group=0/mask=0x8;class=0/group=0/mask=0x10;class=0/group=0/mask=0x20;class=0/group=0/mask=0x40;class=0/group=0/mask=0x80;class=0/group=0/mask=0x100;class=0/group=0/mask=0x200;class=1/group=0/mask=0xc00;class=1/group=0/mask=0x3000;class=1/group=0/mask=0xc000;class=1/group=0/mask=0x30000;class=1/group=0/mask=0xc0000;class=0/group=0/mask=0x100000;class=0/group=0/mask=0x200000; process_mask=0x3fffff","unpinned diagnostic","Battery diagnostic requested by user; builds/tests complete; unpinned; background activity uncontrolled; thermal sensors unavailable","unavailable: no thermal sensor measurement"
production-gain,1,0,ordinary,diagnostic,1,96000,32,32,bypass,149992,340,50022064.993,51049034.685,10.000,100.000,200.000,200.000,72200.000,0.000,3333.333,0.001,0.060,false,"unpinned battery diagnostic; reference qualification unavailable","Intel(R) Core(TM) Ultra 7 155H","processor_architecture=9; logical_processors=22","33752997888 bytes","Windows 10.0.26300","10.0.26100.0","MSVC 1951 full=195136252 Release x64","{381b4222-f694-41f0-9685-ff5bb260df2e}","battery","40%","class=1/group=0/mask=0x3;class=0/group=0/mask=0x4;class=0/group=0/mask=0x8;class=0/group=0/mask=0x10;class=0/group=0/mask=0x20;class=0/group=0/mask=0x40;class=0/group=0/mask=0x80;class=0/group=0/mask=0x100;class=0/group=0/mask=0x200;class=1/group=0/mask=0xc00;class=1/group=0/mask=0x3000;class=1/group=0/mask=0xc000;class=1/group=0/mask=0x30000;class=1/group=0/mask=0xc0000;class=0/group=0/mask=0x100000;class=0/group=0/mask=0x200000; process_mask=0x3fffff","unpinned diagnostic","Battery diagnostic requested by user; builds/tests complete; unpinned; background activity uncontrolled; thermal sensors unavailable","unavailable: no thermal sensor measurement"
production-gain,1,0,ordinary,diagnostic,1,96000,32,97,oversized,150954,158,23612694.097,23665739.084,10.000,200.000,200.000,400.000,95800.000,0.000,10104.167,0.000,0.040,false,"unpinned battery diagnostic; reference qualification unavailable","Intel(R) Core(TM) Ultra 7 155H","processor_architecture=9; logical_processors=22","33752997888 bytes","Windows 10.0.26300","10.0.26100.0","MSVC 1951 full=195136252 Release x64","{381b4222-f694-41f0-9685-ff5bb260df2e}","battery","40%","class=1/group=0/mask=0x3;class=0/group=0/mask=0x4;class=0/group=0/mask=0x8;class=0/group=0/mask=0x10;class=0/group=0/mask=0x20;class=0/group=0/mask=0x40;class=0/group=0/mask=0x80;class=0/group=0/mask=0x100;class=0/group=0/mask=0x200;class=1/group=0/mask=0xc00;class=1/group=0/mask=0x3000;class=1/group=0/mask=0xc000;class=1/group=0/mask=0x30000;class=1/group=0/mask=0xc0000;class=0/group=0/mask=0x100000;class=0/group=0/mask=0x200000; process_mask=0x3fffff","unpinned diagnostic","Battery diagnostic requested by user; builds/tests complete; unpinned; background activity uncontrolled; thermal sensors unavailable","unavailable: no thermal sensor measurement"
production-gain,1,0,ordinary,diagnostic,1,96000,32,32,mute,148008,355,52634087.368,53181324.364,10.000,100.000,200.000,200.000,73900.000,0.000,3333.333,0.001,0.060,false,"unpinned battery diagnostic; reference qualification unavailable","Intel(R) Core(TM) Ultra 7 155H","processor_architecture=9; logical_processors=22","33752997888 bytes","Windows 10.0.26300","10.0.26100.0","MSVC 1951 full=195136252 Release x64","{381b4222-f694-41f0-9685-ff5bb260df2e}","battery","40%","class=1/group=0/mask=0x3;class=0/group=0/mask=0x4;class=0/group=0/mask=0x8;class=0/group=0/mask=0x10;class=0/group=0/mask=0x20;class=0/group=0/mask=0x40;class=0/group=0/mask=0x80;class=0/group=0/mask=0x100;class=0/group=0/mask=0x200;class=1/group=0/mask=0xc00;class=1/group=0/mask=0x3000;class=1/group=0/mask=0xc000;class=1/group=0/mask=0x30000;class=1/group=0/mask=0xc0000;class=0/group=0/mask=0x100000;class=0/group=0/mask=0x200000; process_mask=0x3fffff","unpinned diagnostic","Battery diagnostic requested by user; builds/tests complete; unpinned; background activity uncontrolled; thermal sensors unavailable","unavailable: no thermal sensor measurement"
production-gain,2,0,ordinary,diagnostic,1,48000,32,32,steady,153349,297,44633726.610,44586293.312,10.000,100.000,200.000,300.000,123100.000,0.000,13333.333,0.000,0.023,false,"unpinned battery diagnostic; reference qualification unavailable","Intel(R) Core(TM) Ultra 7 155H","processor_architecture=9; logical_processors=22","33752997888 bytes","Windows 10.0.26300","10.0.26100.0","MSVC 1951 full=195136252 Release x64","{381b4222-f694-41f0-9685-ff5bb260df2e}","battery","39%","class=1/group=0/mask=0x3;class=0/group=0/mask=0x4;class=0/group=0/mask=0x8;class=0/group=0/mask=0x10;class=0/group=0/mask=0x20;class=0/group=0/mask=0x40;class=0/group=0/mask=0x80;class=0/group=0/mask=0x100;class=0/group=0/mask=0x200;class=1/group=0/mask=0xc00;class=1/group=0/mask=0x3000;class=1/group=0/mask=0xc000;class=1/group=0/mask=0x30000;class=1/group=0/mask=0xc0000;class=0/group=0/mask=0x100000;class=0/group=0/mask=0x200000; process_mask=0x3fffff","unpinned diagnostic","Battery diagnostic requested by user; builds/tests complete; unpinned; background activity uncontrolled; thermal sensors unavailable","unavailable: no thermal sensor measurement"
production-gain,2,0,ordinary,diagnostic,1,48000,32,32,automation,153841,228,34733408.053,34259571.574,10.000,200.000,300.000,500.000,171500.000,0.000,13333.333,0.001,0.038,false,"unpinned battery diagnostic; reference qualification unavailable","Intel(R) Core(TM) Ultra 7 155H","processor_architecture=9; logical_processors=22","33752997888 bytes","Windows 10.0.26300","10.0.26100.0","MSVC 1951 full=195136252 Release x64","{381b4222-f694-41f0-9685-ff5bb260df2e}","battery","39%","class=1/group=0/mask=0x3;class=0/group=0/mask=0x4;class=0/group=0/mask=0x8;class=0/group=0/mask=0x10;class=0/group=0/mask=0x20;class=0/group=0/mask=0x40;class=0/group=0/mask=0x80;class=0/group=0/mask=0x100;class=0/group=0/mask=0x200;class=1/group=0/mask=0xc00;class=1/group=0/mask=0x3000;class=1/group=0/mask=0xc000;class=1/group=0/mask=0x30000;class=1/group=0/mask=0xc0000;class=0/group=0/mask=0x100000;class=0/group=0/mask=0x200000; process_mask=0x3fffff","unpinned diagnostic","Battery diagnostic requested by user; builds/tests complete; unpinned; background activity uncontrolled; thermal sensors unavailable","unavailable: no thermal sensor measurement"
production-gain,2,0,ordinary,diagnostic,1,48000,32,32,bypass,151293,244,36996008.150,36564083.172,10.000,200.000,200.000,400.000,126000.000,0.000,13333.333,0.001,0.030,false,"unpinned battery diagnostic; reference qualification unavailable","Intel(R) Core(TM) Ultra 7 155H","processor_architecture=9; logical_processors=22","33752997888 bytes","Windows 10.0.26300","10.0.26100.0","MSVC 1951 full=195136252 Release x64","{381b4222-f694-41f0-9685-ff5bb260df2e}","battery","39%","class=1/group=0/mask=0x3;class=0/group=0/mask=0x4;class=0/group=0/mask=0x8;class=0/group=0/mask=0x10;class=0/group=0/mask=0x20;class=0/group=0/mask=0x40;class=0/group=0/mask=0x80;class=0/group=0/mask=0x100;class=0/group=0/mask=0x200;class=1/group=0/mask=0xc00;class=1/group=0/mask=0x3000;class=1/group=0/mask=0xc000;class=1/group=0/mask=0x30000;class=1/group=0/mask=0xc0000;class=0/group=0/mask=0x100000;class=0/group=0/mask=0x200000; process_mask=0x3fffff","unpinned diagnostic","Battery diagnostic requested by user; builds/tests complete; unpinned; background activity uncontrolled; thermal sensors unavailable","unavailable: no thermal sensor measurement"
production-gain,2,0,ordinary,diagnostic,1,48000,32,97,oversized,148381,112,16872424.156,16819852.477,10.000,300.000,500.000,800.000,117800.000,0.000,40416.667,0.000,0.020,false,"unpinned battery diagnostic; reference qualification unavailable","Intel(R) Core(TM) Ultra 7 155H","processor_architecture=9; logical_processors=22","33752997888 bytes","Windows 10.0.26300","10.0.26100.0","MSVC 1951 full=195136252 Release x64","{381b4222-f694-41f0-9685-ff5bb260df2e}","battery","39%","class=1/group=0/mask=0x3;class=0/group=0/mask=0x4;class=0/group=0/mask=0x8;class=0/group=0/mask=0x10;class=0/group=0/mask=0x20;class=0/group=0/mask=0x40;class=0/group=0/mask=0x80;class=0/group=0/mask=0x100;class=0/group=0/mask=0x200;class=1/group=0/mask=0xc00;class=1/group=0/mask=0x3000;class=1/group=0/mask=0xc000;class=1/group=0/mask=0x30000;class=1/group=0/mask=0xc0000;class=0/group=0/mask=0x100000;class=0/group=0/mask=0x200000; process_mask=0x3fffff","unpinned diagnostic","Battery diagnostic requested by user; builds/tests complete; unpinned; background activity uncontrolled; thermal sensors unavailable","unavailable: no thermal sensor measurement"
production-gain,2,0,ordinary,diagnostic,1,48000,32,32,mute,149761,250,37392617.521,37476354.379,10.000,200.000,200.000,400.000,60400.000,0.000,13333.333,0.001,0.030,false,"unpinned battery diagnostic; reference qualification unavailable","Intel(R) Core(TM) Ultra 7 155H","processor_architecture=9; logical_processors=22","33752997888 bytes","Windows 10.0.26300","10.0.26100.0","MSVC 1951 full=195136252 Release x64","{381b4222-f694-41f0-9685-ff5bb260df2e}","battery","39%","class=1/group=0/mask=0x3;class=0/group=0/mask=0x4;class=0/group=0/mask=0x8;class=0/group=0/mask=0x10;class=0/group=0/mask=0x20;class=0/group=0/mask=0x40;class=0/group=0/mask=0x80;class=0/group=0/mask=0x100;class=0/group=0/mask=0x200;class=1/group=0/mask=0xc00;class=1/group=0/mask=0x3000;class=1/group=0/mask=0xc000;class=1/group=0/mask=0x30000;class=1/group=0/mask=0xc0000;class=0/group=0/mask=0x100000;class=0/group=0/mask=0x200000; process_mask=0x3fffff","unpinned diagnostic","Battery diagnostic requested by user; builds/tests complete; unpinned; background activity uncontrolled; thermal sensors unavailable","unavailable: no thermal sensor measurement"
production-gain,2,0,ordinary,diagnostic,1,96000,32,32,steady,143039,301,44398915.560,45087959.219,10.000,100.000,200.000,300.000,110000.000,0.000,6666.667,0.001,0.045,false,"unpinned battery diagnostic; reference qualification unavailable","Intel(R) Core(TM) Ultra 7 155H","processor_architecture=9; logical_processors=22","33752997888 bytes","Windows 10.0.26300","10.0.26100.0","MSVC 1951 full=195136252 Release x64","{381b4222-f694-41f0-9685-ff5bb260df2e}","battery","38%","class=1/group=0/mask=0x3;class=0/group=0/mask=0x4;class=0/group=0/mask=0x8;class=0/group=0/mask=0x10;class=0/group=0/mask=0x20;class=0/group=0/mask=0x40;class=0/group=0/mask=0x80;class=0/group=0/mask=0x100;class=0/group=0/mask=0x200;class=1/group=0/mask=0xc00;class=1/group=0/mask=0x3000;class=1/group=0/mask=0xc000;class=1/group=0/mask=0x30000;class=1/group=0/mask=0xc0000;class=0/group=0/mask=0x100000;class=0/group=0/mask=0x200000; process_mask=0x3fffff","unpinned diagnostic","Battery diagnostic requested by user; builds/tests complete; unpinned; background activity uncontrolled; thermal sensors unavailable","unavailable: no thermal sensor measurement"
production-gain,2,0,ordinary,diagnostic,1,96000,32,32,automation,148554,225,31560166.844,33820166.618,10.000,200.000,300.000,400.000,102200.000,0.000,6666.667,0.001,0.060,false,"unpinned battery diagnostic; reference qualification unavailable","Intel(R) Core(TM) Ultra 7 155H","processor_architecture=9; logical_processors=22","33752997888 bytes","Windows 10.0.26300","10.0.26100.0","MSVC 1951 full=195136252 Release x64","{381b4222-f694-41f0-9685-ff5bb260df2e}","battery","38%","class=1/group=0/mask=0x3;class=0/group=0/mask=0x4;class=0/group=0/mask=0x8;class=0/group=0/mask=0x10;class=0/group=0/mask=0x20;class=0/group=0/mask=0x40;class=0/group=0/mask=0x80;class=0/group=0/mask=0x100;class=0/group=0/mask=0x200;class=1/group=0/mask=0xc00;class=1/group=0/mask=0x3000;class=1/group=0/mask=0xc000;class=1/group=0/mask=0x30000;class=1/group=0/mask=0xc0000;class=0/group=0/mask=0x100000;class=0/group=0/mask=0x200000; process_mask=0x3fffff","unpinned diagnostic","Battery diagnostic requested by user; builds/tests complete; unpinned; background activity uncontrolled; thermal sensors unavailable","unavailable: no thermal sensor measurement"
production-gain,2,0,ordinary,diagnostic,1,96000,32,32,bypass,166879,209,31670383.416,31340363.732,10.000,200.000,200.000,400.000,584500.000,0.000,6666.667,0.001,0.060,false,"unpinned battery diagnostic; reference qualification unavailable","Intel(R) Core(TM) Ultra 7 155H","processor_architecture=9; logical_processors=22","33752997888 bytes","Windows 10.0.26300","10.0.26100.0","MSVC 1951 full=195136252 Release x64","{381b4222-f694-41f0-9685-ff5bb260df2e}","battery","38%","class=1/group=0/mask=0x3;class=0/group=0/mask=0x4;class=0/group=0/mask=0x8;class=0/group=0/mask=0x10;class=0/group=0/mask=0x20;class=0/group=0/mask=0x40;class=0/group=0/mask=0x80;class=0/group=0/mask=0x100;class=0/group=0/mask=0x200;class=1/group=0/mask=0xc00;class=1/group=0/mask=0x3000;class=1/group=0/mask=0xc000;class=1/group=0/mask=0x30000;class=1/group=0/mask=0xc0000;class=0/group=0/mask=0x100000;class=0/group=0/mask=0x200000; process_mask=0x3fffff","unpinned diagnostic","Battery diagnostic requested by user; builds/tests complete; unpinned; background activity uncontrolled; thermal sensors unavailable","unavailable: no thermal sensor measurement"
production-gain,2,0,ordinary,diagnostic,1,96000,32,97,oversized,151164,113,16929317.461,16984572.357,10.000,400.000,400.000,700.000,65400.000,0.000,20208.333,0.001,0.035,false,"unpinned battery diagnostic; reference qualification unavailable","Intel(R) Core(TM) Ultra 7 155H","processor_architecture=9; logical_processors=22","33752997888 bytes","Windows 10.0.26300","10.0.26100.0","MSVC 1951 full=195136252 Release x64","{381b4222-f694-41f0-9685-ff5bb260df2e}","battery","38%","class=1/group=0/mask=0x3;class=0/group=0/mask=0x4;class=0/group=0/mask=0x8;class=0/group=0/mask=0x10;class=0/group=0/mask=0x20;class=0/group=0/mask=0x40;class=0/group=0/mask=0x80;class=0/group=0/mask=0x100;class=0/group=0/mask=0x200;class=1/group=0/mask=0xc00;class=1/group=0/mask=0x3000;class=1/group=0/mask=0xc000;class=1/group=0/mask=0x30000;class=1/group=0/mask=0xc0000;class=0/group=0/mask=0x100000;class=0/group=0/mask=0x200000; process_mask=0x3fffff","unpinned diagnostic","Battery diagnostic requested by user; builds/tests complete; unpinned; background activity uncontrolled; thermal sensors unavailable","unavailable: no thermal sensor measurement"
production-gain,2,0,ordinary,diagnostic,1,96000,32,32,mute,142874,263,38360576.164,39454479.082,10.000,200.000,200.000,400.000,40800.000,0.000,6666.667,0.001,0.060,false,"unpinned battery diagnostic; reference qualification unavailable","Intel(R) Core(TM) Ultra 7 155H","processor_architecture=9; logical_processors=22","33752997888 bytes","Windows 10.0.26300","10.0.26100.0","MSVC 1951 full=195136252 Release x64","{381b4222-f694-41f0-9685-ff5bb260df2e}","battery","38%","class=1/group=0/mask=0x3;class=0/group=0/mask=0x4;class=0/group=0/mask=0x8;class=0/group=0/mask=0x10;class=0/group=0/mask=0x20;class=0/group=0/mask=0x40;class=0/group=0/mask=0x80;class=0/group=0/mask=0x100;class=0/group=0/mask=0x200;class=1/group=0/mask=0xc00;class=1/group=0/mask=0x3000;class=1/group=0/mask=0xc000;class=1/group=0/mask=0x30000;class=1/group=0/mask=0xc0000;class=0/group=0/mask=0x100000;class=0/group=0/mask=0x200000; process_mask=0x3fffff","unpinned diagnostic","Battery diagnostic requested by user; builds/tests complete; unpinned; background activity uncontrolled; thermal sensors unavailable","unavailable: no thermal sensor measurement"
production-gain,3,0,ordinary,diagnostic,1,48000,32,32,steady,148982,236,35404827.919,35336397.933,10.000,200.000,300.000,400.000,418600.000,0.000,20000.000,0.001,0.020,false,"unpinned battery diagnostic; reference qualification unavailable","Intel(R) Core(TM) Ultra 7 155H","processor_architecture=9; logical_processors=22","33752997888 bytes","Windows 10.0.26300","10.0.26100.0","MSVC 1951 full=195136252 Release x64","{381b4222-f694-41f0-9685-ff5bb260df2e}","battery","37%","class=1/group=0/mask=0x3;class=0/group=0/mask=0x4;class=0/group=0/mask=0x8;class=0/group=0/mask=0x10;class=0/group=0/mask=0x20;class=0/group=0/mask=0x40;class=0/group=0/mask=0x80;class=0/group=0/mask=0x100;class=0/group=0/mask=0x200;class=1/group=0/mask=0xc00;class=1/group=0/mask=0x3000;class=1/group=0/mask=0xc000;class=1/group=0/mask=0x30000;class=1/group=0/mask=0xc0000;class=0/group=0/mask=0x100000;class=0/group=0/mask=0x200000; process_mask=0x3fffff","unpinned diagnostic","Battery diagnostic requested by user; builds/tests complete; unpinned; background activity uncontrolled; thermal sensors unavailable","unavailable: no thermal sensor measurement"
production-gain,3,0,ordinary,diagnostic,1,48000,32,32,automation,154146,192,28570762.143,28782654.243,10.000,200.000,300.000,600.000,763900.000,0.000,20000.000,0.001,0.030,false,"unpinned battery diagnostic; reference qualification unavailable","Intel(R) Core(TM) Ultra 7 155H","processor_architecture=9; logical_processors=22","33752997888 bytes","Windows 10.0.26300","10.0.26100.0","MSVC 1951 full=195136252 Release x64","{381b4222-f694-41f0-9685-ff5bb260df2e}","battery","37%","class=1/group=0/mask=0x3;class=0/group=0/mask=0x4;class=0/group=0/mask=0x8;class=0/group=0/mask=0x10;class=0/group=0/mask=0x20;class=0/group=0/mask=0x40;class=0/group=0/mask=0x80;class=0/group=0/mask=0x100;class=0/group=0/mask=0x200;class=1/group=0/mask=0xc00;class=1/group=0/mask=0x3000;class=1/group=0/mask=0xc000;class=1/group=0/mask=0x30000;class=1/group=0/mask=0xc0000;class=0/group=0/mask=0x100000;class=0/group=0/mask=0x200000; process_mask=0x3fffff","unpinned diagnostic","Battery diagnostic requested by user; builds/tests complete; unpinned; background activity uncontrolled; thermal sensors unavailable","unavailable: no thermal sensor measurement"
production-gain,3,0,ordinary,diagnostic,1,48000,32,32,bypass,149935,203,30932061.907,30503893.899,10.000,200.000,300.000,500.000,109100.000,0.000,20000.000,0.001,0.025,false,"unpinned battery diagnostic; reference qualification unavailable","Intel(R) Core(TM) Ultra 7 155H","processor_architecture=9; logical_processors=22","33752997888 bytes","Windows 10.0.26300","10.0.26100.0","MSVC 1951 full=195136252 Release x64","{381b4222-f694-41f0-9685-ff5bb260df2e}","battery","37%","class=1/group=0/mask=0x3;class=0/group=0/mask=0x4;class=0/group=0/mask=0x8;class=0/group=0/mask=0x10;class=0/group=0/mask=0x20;class=0/group=0/mask=0x40;class=0/group=0/mask=0x80;class=0/group=0/mask=0x100;class=0/group=0/mask=0x200;class=1/group=0/mask=0xc00;class=1/group=0/mask=0x3000;class=1/group=0/mask=0xc000;class=1/group=0/mask=0x30000;class=1/group=0/mask=0xc0000;class=0/group=0/mask=0x100000;class=0/group=0/mask=0x200000; process_mask=0x3fffff","unpinned diagnostic","Battery diagnostic requested by user; builds/tests complete; unpinned; background activity uncontrolled; thermal sensors unavailable","unavailable: no thermal sensor measurement"
production-gain,3,0,ordinary,diagnostic,1,48000,32,97,oversized,159376,82,13157608.026,12288690.085,10.000,500.000,600.000,1100.000,309400.000,0.000,60625.000,0.001,0.018,false,"unpinned battery diagnostic; reference qualification unavailable","Intel(R) Core(TM) Ultra 7 155H","processor_architecture=9; logical_processors=22","33752997888 bytes","Windows 10.0.26300","10.0.26100.0","MSVC 1951 full=195136252 Release x64","{381b4222-f694-41f0-9685-ff5bb260df2e}","battery","37%","class=1/group=0/mask=0x3;class=0/group=0/mask=0x4;class=0/group=0/mask=0x8;class=0/group=0/mask=0x10;class=0/group=0/mask=0x20;class=0/group=0/mask=0x40;class=0/group=0/mask=0x80;class=0/group=0/mask=0x100;class=0/group=0/mask=0x200;class=1/group=0/mask=0xc00;class=1/group=0/mask=0x3000;class=1/group=0/mask=0xc000;class=1/group=0/mask=0x30000;class=1/group=0/mask=0xc0000;class=0/group=0/mask=0x100000;class=0/group=0/mask=0x200000; process_mask=0x3fffff","unpinned diagnostic","Battery diagnostic requested by user; builds/tests complete; unpinned; background activity uncontrolled; thermal sensors unavailable","unavailable: no thermal sensor measurement"
production-gain,3,0,ordinary,diagnostic,1,48000,32,32,mute,147903,213,31284595.307,31880428.842,10.000,200.000,300.000,500.000,259000.000,0.000,20000.000,0.001,0.025,false,"unpinned battery diagnostic; reference qualification unavailable","Intel(R) Core(TM) Ultra 7 155H","processor_architecture=9; logical_processors=22","33752997888 bytes","Windows 10.0.26300","10.0.26100.0","MSVC 1951 full=195136252 Release x64","{381b4222-f694-41f0-9685-ff5bb260df2e}","battery","37%","class=1/group=0/mask=0x3;class=0/group=0/mask=0x4;class=0/group=0/mask=0x8;class=0/group=0/mask=0x10;class=0/group=0/mask=0x20;class=0/group=0/mask=0x40;class=0/group=0/mask=0x80;class=0/group=0/mask=0x100;class=0/group=0/mask=0x200;class=1/group=0/mask=0xc00;class=1/group=0/mask=0x3000;class=1/group=0/mask=0xc000;class=1/group=0/mask=0x30000;class=1/group=0/mask=0xc0000;class=0/group=0/mask=0x100000;class=0/group=0/mask=0x200000; process_mask=0x3fffff","unpinned diagnostic","Battery diagnostic requested by user; builds/tests complete; unpinned; background activity uncontrolled; thermal sensors unavailable","unavailable: no thermal sensor measurement"
production-gain,3,0,ordinary,diagnostic,1,96000,32,32,steady,151761,236,35840677.832,35438947.912,10.000,200.000,200.000,400.000,109100.000,0.000,10000.000,0.001,0.040,false,"unpinned battery diagnostic; reference qualification unavailable","Intel(R) Core(TM) Ultra 7 155H","processor_architecture=9; logical_processors=22","33752997888 bytes","Windows 10.0.26300","10.0.26100.0","MSVC 1951 full=195136252 Release x64","{381b4222-f694-41f0-9685-ff5bb260df2e}","battery","37%","class=1/group=0/mask=0x3;class=0/group=0/mask=0x4;class=0/group=0/mask=0x8;class=0/group=0/mask=0x10;class=0/group=0/mask=0x20;class=0/group=0/mask=0x40;class=0/group=0/mask=0x80;class=0/group=0/mask=0x100;class=0/group=0/mask=0x200;class=1/group=0/mask=0xc00;class=1/group=0/mask=0x3000;class=1/group=0/mask=0xc000;class=1/group=0/mask=0x30000;class=1/group=0/mask=0xc0000;class=0/group=0/mask=0x100000;class=0/group=0/mask=0x200000; process_mask=0x3fffff","unpinned diagnostic","Battery diagnostic requested by user; builds/tests complete; unpinned; background activity uncontrolled; thermal sensors unavailable","unavailable: no thermal sensor measurement"
production-gain,3,0,ordinary,diagnostic,1,96000,32,32,automation,148812,198,29653295.552,29642950.554,10.000,200.000,300.000,500.000,493100.000,0.000,10000.000,0.002,0.050,false,"unpinned battery diagnostic; reference qualification unavailable","Intel(R) Core(TM) Ultra 7 155H","processor_architecture=9; logical_processors=22","33752997888 bytes","Windows 10.0.26300","10.0.26100.0","MSVC 1951 full=195136252 Release x64","{381b4222-f694-41f0-9685-ff5bb260df2e}","battery","36%","class=1/group=0/mask=0x3;class=0/group=0/mask=0x4;class=0/group=0/mask=0x8;class=0/group=0/mask=0x10;class=0/group=0/mask=0x20;class=0/group=0/mask=0x40;class=0/group=0/mask=0x80;class=0/group=0/mask=0x100;class=0/group=0/mask=0x200;class=1/group=0/mask=0xc00;class=1/group=0/mask=0x3000;class=1/group=0/mask=0xc000;class=1/group=0/mask=0x30000;class=1/group=0/mask=0xc0000;class=0/group=0/mask=0x100000;class=0/group=0/mask=0x200000; process_mask=0x3fffff","unpinned diagnostic","Battery diagnostic requested by user; builds/tests complete; unpinned; background activity uncontrolled; thermal sensors unavailable","unavailable: no thermal sensor measurement"
production-gain,3,0,ordinary,diagnostic,1,96000,32,32,bypass,149930,205,30988863.451,30784332.304,10.000,200.000,300.000,500.000,8961600.000,0.000,10000.000,0.002,0.050,false,"unpinned battery diagnostic; reference qualification unavailable","Intel(R) Core(TM) Ultra 7 155H","processor_architecture=9; logical_processors=22","33752997888 bytes","Windows 10.0.26300","10.0.26100.0","MSVC 1951 full=195136252 Release x64","{381b4222-f694-41f0-9685-ff5bb260df2e}","battery","36%","class=1/group=0/mask=0x3;class=0/group=0/mask=0x4;class=0/group=0/mask=0x8;class=0/group=0/mask=0x10;class=0/group=0/mask=0x20;class=0/group=0/mask=0x40;class=0/group=0/mask=0x80;class=0/group=0/mask=0x100;class=0/group=0/mask=0x200;class=1/group=0/mask=0xc00;class=1/group=0/mask=0x3000;class=1/group=0/mask=0xc000;class=1/group=0/mask=0x30000;class=1/group=0/mask=0xc0000;class=0/group=0/mask=0x100000;class=0/group=0/mask=0x200000; process_mask=0x3fffff","unpinned diagnostic","Battery diagnostic requested by user; builds/tests complete; unpinned; background activity uncontrolled; thermal sensors unavailable","unavailable: no thermal sensor measurement"
production-gain,3,0,ordinary,diagnostic,1,96000,32,97,oversized,148758,88,13619423.871,13166491.050,10.000,500.000,700.000,1100.000,398000.000,0.000,30312.500,0.001,0.036,false,"unpinned battery diagnostic; reference qualification unavailable","Intel(R) Core(TM) Ultra 7 155H","processor_architecture=9; logical_processors=22","33752997888 bytes","Windows 10.0.26300","10.0.26100.0","MSVC 1951 full=195136252 Release x64","{381b4222-f694-41f0-9685-ff5bb260df2e}","battery","36%","class=1/group=0/mask=0x3;class=0/group=0/mask=0x4;class=0/group=0/mask=0x8;class=0/group=0/mask=0x10;class=0/group=0/mask=0x20;class=0/group=0/mask=0x40;class=0/group=0/mask=0x80;class=0/group=0/mask=0x100;class=0/group=0/mask=0x200;class=1/group=0/mask=0xc00;class=1/group=0/mask=0x3000;class=1/group=0/mask=0xc000;class=1/group=0/mask=0x30000;class=1/group=0/mask=0xc0000;class=0/group=0/mask=0x100000;class=0/group=0/mask=0x200000; process_mask=0x3fffff","unpinned diagnostic","Battery diagnostic requested by user; builds/tests complete; unpinned; background activity uncontrolled; thermal sensors unavailable","unavailable: no thermal sensor measurement"
production-gain,3,0,ordinary,diagnostic,1,96000,32,32,mute,152431,204,31450394.572,30550777.362,10.000,200.000,300.000,500.000,36200.000,0.000,10000.000,0.002,0.050,false,"unpinned battery diagnostic; reference qualification unavailable","Intel(R) Core(TM) Ultra 7 155H","processor_architecture=9; logical_processors=22","33752997888 bytes","Windows 10.0.26300","10.0.26100.0","MSVC 1951 full=195136252 Release x64","{381b4222-f694-41f0-9685-ff5bb260df2e}","battery","36%","class=1/group=0/mask=0x3;class=0/group=0/mask=0x4;class=0/group=0/mask=0x8;class=0/group=0/mask=0x10;class=0/group=0/mask=0x20;class=0/group=0/mask=0x40;class=0/group=0/mask=0x80;class=0/group=0/mask=0x100;class=0/group=0/mask=0x200;class=1/group=0/mask=0xc00;class=1/group=0/mask=0x3000;class=1/group=0/mask=0xc000;class=1/group=0/mask=0x30000;class=1/group=0/mask=0xc0000;class=0/group=0/mask=0x100000;class=0/group=0/mask=0x200000; process_mask=0x3fffff","unpinned diagnostic","Battery diagnostic requested by user; builds/tests complete; unpinned; background activity uncontrolled; thermal sensors unavailable","unavailable: no thermal sensor measurement"
