mode,run,rate_hz,prepared_block,actual_block,scenario,timing_count,sampling_stride,calibrated_callbacks,measurement_seconds,median_ns,p95_ns,p99_ns,max_ns,timer_only_median_ns,p99_budget_ns,p99_block_deadline_fraction,p99_budget_fraction,qualified,reason,cpu,architecture,physical_memory,os,sdk,compiler,power_scheme_guid,ac_status,battery_percent,topology,affinity,conditions,thermal_measurement
diagnostic,1,48000,32,32,steady,111068,305,60872202.826,10.007,100.000,300.000,300.000,1449400.000,0.000,6666.667,0.000,0.045,false,"environment qualification unresolved","Intel(R) Core(TM) Ultra 7 155H","processor_architecture=9; logical_processors=22","33752997888 bytes","Windows 10.0.26200","10.0.26100.0","MSVC 1951 full=195136252 Release x64","{381b4222-f694-41f0-9685-ff5bb260df2e}","battery","71%","class=1/group=0/mask=0x3;class=0/group=0/mask=0x4;class=0/group=0/mask=0x8;class=0/group=0/mask=0x10;class=0/group=0/mask=0x20;class=0/group=0/mask=0x40;class=0/group=0/mask=0x80;class=0/group=0/mask=0x100;class=0/group=0/mask=0x200;class=1/group=0/mask=0xc00;class=1/group=0/mask=0x3000;class=1/group=0/mask=0xc000;class=1/group=0/mask=0x30000;class=1/group=0/mask=0xc0000;class=0/group=0/mask=0x100000;class=0/group=0/mask=0x200000; process_mask=0x3fffff","unpinned diagnostic","Battery power; power scheme unchanged; no concurrent builds; thermal sensors unavailable; background system activity uncontrolled","unavailable: no thermal sensor measurement"
diagnostic,1,48000,32,32,automation,200000,12,2266907.316,10.000,300.000,400.000,500.000,25859300.000,0.000,6666.667,0.001,0.075,false,"200000 timing capacity exhausted; full window retained, sampled distribution truncated","Intel(R) Core(TM) Ultra 7 155H","processor_architecture=9; logical_processors=22","33752997888 bytes","Windows 10.0.26200","10.0.26100.0","MSVC 1951 full=195136252 Release x64","{381b4222-f694-41f0-9685-ff5bb260df2e}","battery","71%","class=1/group=0/mask=0x3;class=0/group=0/mask=0x4;class=0/group=0/mask=0x8;class=0/group=0/mask=0x10;class=0/group=0/mask=0x20;class=0/group=0/mask=0x40;class=0/group=0/mask=0x80;class=0/group=0/mask=0x100;class=0/group=0/mask=0x200;class=1/group=0/mask=0xc00;class=1/group=0/mask=0x3000;class=1/group=0/mask=0xc000;class=1/group=0/mask=0x30000;class=1/group=0/mask=0xc0000;class=0/group=0/mask=0x100000;class=0/group=0/mask=0x200000; process_mask=0x3fffff","unpinned diagnostic","Battery power; power scheme unchanged; no concurrent builds; thermal sensors unavailable; background system activity uncontrolled","unavailable: no thermal sensor measurement"
diagnostic,1,48000,32,32,bypass,148589,100,19988795.003,10.006,300.000,400.000,500.000,9079500.000,0.000,6666.667,0.001,0.075,false,"environment qualification unresolved","Intel(R) Core(TM) Ultra 7 155H","processor_architecture=9; logical_processors=22","33752997888 bytes","Windows 10.0.26200","10.0.26100.0","MSVC 1951 full=195136252 Release x64","{381b4222-f694-41f0-9685-ff5bb260df2e}","battery","71%","class=1/group=0/mask=0x3;class=0/group=0/mask=0x4;class=0/group=0/mask=0x8;class=0/group=0/mask=0x10;class=0/group=0/mask=0x20;class=0/group=0/mask=0x40;class=0/group=0/mask=0x80;class=0/group=0/mask=0x100;class=0/group=0/mask=0x200;class=1/group=0/mask=0xc00;class=1/group=0/mask=0x3000;class=1/group=0/mask=0xc000;class=1/group=0/mask=0x30000;class=1/group=0/mask=0xc0000;class=0/group=0/mask=0x100000;class=0/group=0/mask=0x200000; process_mask=0x3fffff","unpinned diagnostic","Battery power; power scheme unchanged; no concurrent builds; thermal sensors unavailable; background system activity uncontrolled","unavailable: no thermal sensor measurement"
diagnostic,1,48000,32,97,oversized,200000,7,1266879.620,10.000,700.000,800.000,900.000,9619600.000,0.000,20208.333,0.000,0.045,false,"200000 timing capacity exhausted; full window retained, sampled distribution truncated","Intel(R) Core(TM) Ultra 7 155H","processor_architecture=9; logical_processors=22","33752997888 bytes","Windows 10.0.26200","10.0.26100.0","MSVC 1951 full=195136252 Release x64","{381b4222-f694-41f0-9685-ff5bb260df2e}","battery","71%","class=1/group=0/mask=0x3;class=0/group=0/mask=0x4;class=0/group=0/mask=0x8;class=0/group=0/mask=0x10;class=0/group=0/mask=0x20;class=0/group=0/mask=0x40;class=0/group=0/mask=0x80;class=0/group=0/mask=0x100;class=0/group=0/mask=0x200;class=1/group=0/mask=0xc00;class=1/group=0/mask=0x3000;class=1/group=0/mask=0xc000;class=1/group=0/mask=0x30000;class=1/group=0/mask=0xc0000;class=0/group=0/mask=0x100000;class=0/group=0/mask=0x200000; process_mask=0x3fffff","unpinned diagnostic","Battery power; power scheme unchanged; no concurrent builds; thermal sensors unavailable; background system activity uncontrolled","unavailable: no thermal sensor measurement"
diagnostic,1,48000,64,64,steady,184886,55,10805027.839,10.000,200.000,600.000,600.000,13774900.000,0.000,13333.333,0.000,0.045,false,"environment qualification unresolved","Intel(R) Core(TM) Ultra 7 155H","processor_architecture=9; logical_processors=22","33752997888 bytes","Windows 10.0.26200","10.0.26100.0","MSVC 1951 full=195136252 Release x64","{381b4222-f694-41f0-9685-ff5bb260df2e}","battery","71%","class=1/group=0/mask=0x3;class=0/group=0/mask=0x4;class=0/group=0/mask=0x8;class=0/group=0/mask=0x10;class=0/group=0/mask=0x20;class=0/group=0/mask=0x40;class=0/group=0/mask=0x80;class=0/group=0/mask=0x100;class=0/group=0/mask=0x200;class=1/group=0/mask=0xc00;class=1/group=0/mask=0x3000;class=1/group=0/mask=0xc000;class=1/group=0/mask=0x30000;class=1/group=0/mask=0xc0000;class=0/group=0/mask=0x100000;class=0/group=0/mask=0x200000; process_mask=0x3fffff","unpinned diagnostic","Battery power; power scheme unchanged; no concurrent builds; thermal sensors unavailable; background system activity uncontrolled","unavailable: no thermal sensor measurement"
diagnostic,1,48000,64,64,automation,199108,133,26469324.706,10.000,200.000,200.000,300.000,1418200.000,0.000,13333.333,0.000,0.023,false,"environment qualification unresolved","Intel(R) Core(TM) Ultra 7 155H","processor_architecture=9; logical_processors=22","33752997888 bytes","Windows 10.0.26200","10.0.26100.0","MSVC 1951 full=195136252 Release x64","{381b4222-f694-41f0-9685-ff5bb260df2e}","battery","71%","class=1/group=0/mask=0x3;class=0/group=0/mask=0x4;class=0/group=0/mask=0x8;class=0/group=0/mask=0x10;class=0/group=0/mask=0x20;class=0/group=0/mask=0x40;class=0/group=0/mask=0x80;class=0/group=0/mask=0x100;class=0/group=0/mask=0x200;class=1/group=0/mask=0xc00;class=1/group=0/mask=0x3000;class=1/group=0/mask=0xc000;class=1/group=0/mask=0x30000;class=1/group=0/mask=0xc0000;class=0/group=0/mask=0x100000;class=0/group=0/mask=0x200000; process_mask=0x3fffff","unpinned diagnostic","Battery power; power scheme unchanged; no concurrent builds; thermal sensors unavailable; background system activity uncontrolled","unavailable: no thermal sensor measurement"
diagnostic,1,48000,64,64,bypass,180283,150,29987534.002,10.000,200.000,400.000,400.000,149900.000,0.000,13333.333,0.000,0.030,false,"environment qualification unresolved","Intel(R) Core(TM) Ultra 7 155H","processor_architecture=9; logical_processors=22","33752997888 bytes","Windows 10.0.26200","10.0.26100.0","MSVC 1951 full=195136252 Release x64","{381b4222-f694-41f0-9685-ff5bb260df2e}","battery","71%","class=1/group=0/mask=0x3;class=0/group=0/mask=0x4;class=0/group=0/mask=0x8;class=0/group=0/mask=0x10;class=0/group=0/mask=0x20;class=0/group=0/mask=0x40;class=0/group=0/mask=0x80;class=0/group=0/mask=0x100;class=0/group=0/mask=0x200;class=1/group=0/mask=0xc00;class=1/group=0/mask=0x3000;class=1/group=0/mask=0xc000;class=1/group=0/mask=0x30000;class=1/group=0/mask=0xc0000;class=0/group=0/mask=0x100000;class=0/group=0/mask=0x200000; process_mask=0x3fffff","unpinned diagnostic","Battery power; power scheme unchanged; no concurrent builds; thermal sensors unavailable; background system activity uncontrolled","unavailable: no thermal sensor measurement"
diagnostic,1,48000,64,193,oversized,198855,64,12638931.840,10.000,300.000,500.000,700.000,113100.000,0.000,40208.333,0.000,0.017,false,"environment qualification unresolved","Intel(R) Core(TM) Ultra 7 155H","processor_architecture=9; logical_processors=22","33752997888 bytes","Windows 10.0.26200","10.0.26100.0","MSVC 1951 full=195136252 Release x64","{381b4222-f694-41f0-9685-ff5bb260df2e}","battery","71%","class=1/group=0/mask=0x3;class=0/group=0/mask=0x4;class=0/group=0/mask=0x8;class=0/group=0/mask=0x10;class=0/group=0/mask=0x20;class=0/group=0/mask=0x40;class=0/group=0/mask=0x80;class=0/group=0/mask=0x100;class=0/group=0/mask=0x200;class=1/group=0/mask=0xc00;class=1/group=0/mask=0x3000;class=1/group=0/mask=0xc000;class=1/group=0/mask=0x30000;class=1/group=0/mask=0xc0000;class=0/group=0/mask=0x100000;class=0/group=0/mask=0x200000; process_mask=0x3fffff","unpinned diagnostic","Battery power; power scheme unchanged; no concurrent builds; thermal sensors unavailable; background system activity uncontrolled","unavailable: no thermal sensor measurement"
diagnostic,1,48000,127,127,steady,193880,101,20012799.997,10.000,200.000,300.000,400.000,382800.000,0.000,26458.333,0.000,0.015,false,"environment qualification unresolved","Intel(R) Core(TM) Ultra 7 155H","processor_architecture=9; logical_processors=22","33752997888 bytes","Windows 10.0.26200","10.0.26100.0","MSVC 1951 full=195136252 Release x64","{381b4222-f694-41f0-9685-ff5bb260df2e}","battery","71%","class=1/group=0/mask=0x3;class=0/group=0/mask=0x4;class=0/group=0/mask=0x8;class=0/group=0/mask=0x10;class=0/group=0/mask=0x20;class=0/group=0/mask=0x40;class=0/group=0/mask=0x80;class=0/group=0/mask=0x100;class=0/group=0/mask=0x200;class=1/group=0/mask=0xc00;class=1/group=0/mask=0x3000;class=1/group=0/mask=0xc000;class=1/group=0/mask=0x30000;class=1/group=0/mask=0xc0000;class=0/group=0/mask=0x100000;class=0/group=0/mask=0x200000; process_mask=0x3fffff","unpinned diagnostic","Battery power; power scheme unchanged; no concurrent builds; thermal sensors unavailable; background system activity uncontrolled","unavailable: no thermal sensor measurement"
diagnostic,1,48000,127,127,automation,194378,84,16680091.664,10.000,300.000,400.000,600.000,259900.000,0.000,26458.333,0.000,0.023,false,"environment qualification unresolved","Intel(R) Core(TM) Ultra 7 155H","processor_architecture=9; logical_processors=22","33752997888 bytes","Windows 10.0.26200","10.0.26100.0","MSVC 1951 full=195136252 Release x64","{381b4222-f694-41f0-9685-ff5bb260df2e}","battery","71%","class=1/group=0/mask=0x3;class=0/group=0/mask=0x4;class=0/group=0/mask=0x8;class=0/group=0/mask=0x10;class=0/group=0/mask=0x20;class=0/group=0/mask=0x40;class=0/group=0/mask=0x80;class=0/group=0/mask=0x100;class=0/group=0/mask=0x200;class=1/group=0/mask=0xc00;class=1/group=0/mask=0x3000;class=1/group=0/mask=0xc000;class=1/group=0/mask=0x30000;class=1/group=0/mask=0xc0000;class=0/group=0/mask=0x100000;class=0/group=0/mask=0x200000; process_mask=0x3fffff","unpinned diagnostic","Battery power; power scheme unchanged; no concurrent builds; thermal sensors unavailable; background system activity uncontrolled","unavailable: no thermal sensor measurement"
diagnostic,1,48000,127,127,bypass,200000,93,18446821.311,10.000,200.000,400.000,600.000,1101600.000,0.000,26458.333,0.000,0.023,false,"200000 timing capacity exhausted; full window retained, sampled distribution truncated","Intel(R) Core(TM) Ultra 7 155H","processor_architecture=9; logical_processors=22","33752997888 bytes","Windows 10.0.26200","10.0.26100.0","MSVC 1951 full=195136252 Release x64","{381b4222-f694-41f0-9685-ff5bb260df2e}","battery","71%","class=1/group=0/mask=0x3;class=0/group=0/mask=0x4;class=0/group=0/mask=0x8;class=0/group=0/mask=0x10;class=0/group=0/mask=0x20;class=0/group=0/mask=0x40;class=0/group=0/mask=0x80;class=0/group=0/mask=0x100;class=0/group=0/mask=0x200;class=1/group=0/mask=0xc00;class=1/group=0/mask=0x3000;class=1/group=0/mask=0xc000;class=1/group=0/mask=0x30000;class=1/group=0/mask=0xc0000;class=0/group=0/mask=0x100000;class=0/group=0/mask=0x200000; process_mask=0x3fffff","unpinned diagnostic","Battery power; power scheme unchanged; no concurrent builds; thermal sensors unavailable; background system activity uncontrolled","unavailable: no thermal sensor measurement"
diagnostic,1,48000,127,382,oversized,194548,38,7465398.429,10.000,500.000,800.000,1200.000,390300.000,0.000,79583.333,0.000,0.015,false,"environment qualification unresolved","Intel(R) Core(TM) Ultra 7 155H","processor_architecture=9; logical_processors=22","33752997888 bytes","Windows 10.0.26200","10.0.26100.0","MSVC 1951 full=195136252 Release x64","{381b4222-f694-41f0-9685-ff5bb260df2e}","battery","71%","class=1/group=0/mask=0x3;class=0/group=0/mask=0x4;class=0/group=0/mask=0x8;class=0/group=0/mask=0x10;class=0/group=0/mask=0x20;class=0/group=0/mask=0x40;class=0/group=0/mask=0x80;class=0/group=0/mask=0x100;class=0/group=0/mask=0x200;class=1/group=0/mask=0xc00;class=1/group=0/mask=0x3000;class=1/group=0/mask=0xc000;class=1/group=0/mask=0x30000;class=1/group=0/mask=0xc0000;class=0/group=0/mask=0x100000;class=0/group=0/mask=0x200000; process_mask=0x3fffff","unpinned diagnostic","Battery power; power scheme unchanged; no concurrent builds; thermal sensors unavailable; background system activity uncontrolled","unavailable: no thermal sensor measurement"
diagnostic,1,48000,256,256,steady,197922,56,11050412.790,10.000,300.000,500.000,800.000,1440500.000,0.000,53333.333,0.000,0.015,false,"environment qualification unresolved","Intel(R) Core(TM) Ultra 7 155H","processor_architecture=9; logical_processors=22","33752997888 bytes","Windows 10.0.26200","10.0.26100.0","MSVC 1951 full=195136252 Release x64","{381b4222-f694-41f0-9685-ff5bb260df2e}","battery","71%","class=1/group=0/mask=0x3;class=0/group=0/mask=0x4;class=0/group=0/mask=0x8;class=0/group=0/mask=0x10;class=0/group=0/mask=0x20;class=0/group=0/mask=0x40;class=0/group=0/mask=0x80;class=0/group=0/mask=0x100;class=0/group=0/mask=0x200;class=1/group=0/mask=0xc00;class=1/group=0/mask=0x3000;class=1/group=0/mask=0xc000;class=1/group=0/mask=0x30000;class=1/group=0/mask=0xc0000;class=0/group=0/mask=0x100000;class=0/group=0/mask=0x200000; process_mask=0x3fffff","unpinned diagnostic","Battery power; power scheme unchanged; no concurrent builds; thermal sensors unavailable; background system activity uncontrolled","unavailable: no thermal sensor measurement"
diagnostic,1,48000,256,256,automation,197602,48,9445806.222,10.000,500.000,700.000,1200.000,339400.000,0.000,53333.333,0.000,0.023,false,"environment qualification unresolved","Intel(R) Core(TM) Ultra 7 155H","processor_architecture=9; logical_processors=22","33752997888 bytes","Windows 10.0.26200","10.0.26100.0","MSVC 1951 full=195136252 Release x64","{381b4222-f694-41f0-9685-ff5bb260df2e}","battery","71%","class=1/group=0/mask=0x3;class=0/group=0/mask=0x4;class=0/group=0/mask=0x8;class=0/group=0/mask=0x10;class=0/group=0/mask=0x20;class=0/group=0/mask=0x40;class=0/group=0/mask=0x80;class=0/group=0/mask=0x100;class=0/group=0/mask=0x200;class=1/group=0/mask=0xc00;class=1/group=0/mask=0x3000;class=1/group=0/mask=0xc000;class=1/group=0/mask=0x30000;class=1/group=0/mask=0xc0000;class=0/group=0/mask=0x100000;class=0/group=0/mask=0x200000; process_mask=0x3fffff","unpinned diagnostic","Battery power; power scheme unchanged; no concurrent builds; thermal sensors unavailable; background system activity uncontrolled","unavailable: no thermal sensor measurement"
diagnostic,1,48000,256,256,bypass,188670,53,10577854.182,10.000,400.000,700.000,1000.000,299000.000,0.000,53333.333,0.000,0.019,false,"environment qualification unresolved","Intel(R) Core(TM) Ultra 7 155H","processor_architecture=9; logical_processors=22","33752997888 bytes","Windows 10.0.26200","10.0.26100.0","MSVC 1951 full=195136252 Release x64","{381b4222-f694-41f0-9685-ff5bb260df2e}","battery","71%","class=1/group=0/mask=0x3;class=0/group=0/mask=0x4;class=0/group=0/mask=0x8;class=0/group=0/mask=0x10;class=0/group=0/mask=0x20;class=0/group=0/mask=0x40;class=0/group=0/mask=0x80;class=0/group=0/mask=0x100;class=0/group=0/mask=0x200;class=1/group=0/mask=0xc00;class=1/group=0/mask=0x3000;class=1/group=0/mask=0xc000;class=1/group=0/mask=0x30000;class=1/group=0/mask=0xc0000;class=0/group=0/mask=0x100000;class=0/group=0/mask=0x200000; process_mask=0x3fffff","unpinned diagnostic","Battery power; power scheme unchanged; no concurrent builds; thermal sensors unavailable; background system activity uncontrolled","unavailable: no thermal sensor measurement"
diagnostic,1,48000,256,769,oversized,188366,19,3786950.266,10.000,1100.000,1500.000,2200.000,462300.000,0.000,160208.333,0.000,0.014,false,"environment qualification unresolved","Intel(R) Core(TM) Ultra 7 155H","processor_architecture=9; logical_processors=22","33752997888 bytes","Windows 10.0.26200","10.0.26100.0","MSVC 1951 full=195136252 Release x64","{381b4222-f694-41f0-9685-ff5bb260df2e}","battery","71%","class=1/group=0/mask=0x3;class=0/group=0/mask=0x4;class=0/group=0/mask=0x8;class=0/group=0/mask=0x10;class=0/group=0/mask=0x20;class=0/group=0/mask=0x40;class=0/group=0/mask=0x80;class=0/group=0/mask=0x100;class=0/group=0/mask=0x200;class=1/group=0/mask=0xc00;class=1/group=0/mask=0x3000;class=1/group=0/mask=0xc000;class=1/group=0/mask=0x30000;class=1/group=0/mask=0xc0000;class=0/group=0/mask=0x100000;class=0/group=0/mask=0x200000; process_mask=0x3fffff","unpinned diagnostic","Battery power; power scheme unchanged; no concurrent builds; thermal sensors unavailable; background system activity uncontrolled","unavailable: no thermal sensor measurement"
diagnostic,1,48000,1024,1024,steady,192126,14,2735078.213,10.000,1400.000,1900.000,2900.000,512100.000,0.000,213333.333,0.000,0.014,false,"environment qualification unresolved","Intel(R) Core(TM) Ultra 7 155H","processor_architecture=9; logical_processors=22","33752997888 bytes","Windows 10.0.26200","10.0.26100.0","MSVC 1951 full=195136252 Release x64","{381b4222-f694-41f0-9685-ff5bb260df2e}","battery","71%","class=1/group=0/mask=0x3;class=0/group=0/mask=0x4;class=0/group=0/mask=0x8;class=0/group=0/mask=0x10;class=0/group=0/mask=0x20;class=0/group=0/mask=0x40;class=0/group=0/mask=0x80;class=0/group=0/mask=0x100;class=0/group=0/mask=0x200;class=1/group=0/mask=0xc00;class=1/group=0/mask=0x3000;class=1/group=0/mask=0xc000;class=1/group=0/mask=0x30000;class=1/group=0/mask=0xc0000;class=0/group=0/mask=0x100000;class=0/group=0/mask=0x200000; process_mask=0x3fffff","unpinned diagnostic","Battery power; power scheme unchanged; no concurrent builds; thermal sensors unavailable; background system activity uncontrolled","unavailable: no thermal sensor measurement"
diagnostic,1,48000,1024,1024,automation,187299,13,2439382.683,10.000,1800.000,2700.000,3700.000,956200.000,0.000,213333.333,0.000,0.017,false,"environment qualification unresolved","Intel(R) Core(TM) Ultra 7 155H","processor_architecture=9; logical_processors=22","33752997888 bytes","Windows 10.0.26200","10.0.26100.0","MSVC 1951 full=195136252 Release x64","{381b4222-f694-41f0-9685-ff5bb260df2e}","battery","71%","class=1/group=0/mask=0x3;class=0/group=0/mask=0x4;class=0/group=0/mask=0x8;class=0/group=0/mask=0x10;class=0/group=0/mask=0x20;class=0/group=0/mask=0x40;class=0/group=0/mask=0x80;class=0/group=0/mask=0x100;class=0/group=0/mask=0x200;class=1/group=0/mask=0xc00;class=1/group=0/mask=0x3000;class=1/group=0/mask=0xc000;class=1/group=0/mask=0x30000;class=1/group=0/mask=0xc0000;class=0/group=0/mask=0x100000;class=0/group=0/mask=0x200000; process_mask=0x3fffff","unpinned diagnostic","Battery power; power scheme unchanged; no concurrent builds; thermal sensors unavailable; background system activity uncontrolled","unavailable: no thermal sensor measurement"
diagnostic,1,48000,1024,1024,bypass,189629,14,2629953.817,10.000,1500.000,2000.000,3000.000,453100.000,0.000,213333.333,0.000,0.014,false,"environment qualification unresolved","Intel(R) Core(TM) Ultra 7 155H","processor_architecture=9; logical_processors=22","33752997888 bytes","Windows 10.0.26200","10.0.26100.0","MSVC 1951 full=195136252 Release x64","{381b4222-f694-41f0-9685-ff5bb260df2e}","battery","71%","class=1/group=0/mask=0x3;class=0/group=0/mask=0x4;class=0/group=0/mask=0x8;class=0/group=0/mask=0x10;class=0/group=0/mask=0x20;class=0/group=0/mask=0x40;class=0/group=0/mask=0x80;class=0/group=0/mask=0x100;class=0/group=0/mask=0x200;class=1/group=0/mask=0xc00;class=1/group=0/mask=0x3000;class=1/group=0/mask=0xc000;class=1/group=0/mask=0x30000;class=1/group=0/mask=0xc0000;class=0/group=0/mask=0x100000;class=0/group=0/mask=0x200000; process_mask=0x3fffff","unpinned diagnostic","Battery power; power scheme unchanged; no concurrent builds; thermal sensors unavailable; background system activity uncontrolled","unavailable: no thermal sensor measurement"
diagnostic,1,48000,1024,3073,oversized,186100,5,960166.495,10.000,3900.000,6100.000,8600.000,8210800.000,0.000,640208.333,0.000,0.013,false,"environment qualification unresolved","Intel(R) Core(TM) Ultra 7 155H","processor_architecture=9; logical_processors=22","33752997888 bytes","Windows 10.0.26200","10.0.26100.0","MSVC 1951 full=195136252 Release x64","{381b4222-f694-41f0-9685-ff5bb260df2e}","battery","71%","class=1/group=0/mask=0x3;class=0/group=0/mask=0x4;class=0/group=0/mask=0x8;class=0/group=0/mask=0x10;class=0/group=0/mask=0x20;class=0/group=0/mask=0x40;class=0/group=0/mask=0x80;class=0/group=0/mask=0x100;class=0/group=0/mask=0x200;class=1/group=0/mask=0xc00;class=1/group=0/mask=0x3000;class=1/group=0/mask=0xc000;class=1/group=0/mask=0x30000;class=1/group=0/mask=0xc0000;class=0/group=0/mask=0x100000;class=0/group=0/mask=0x200000; process_mask=0x3fffff","unpinned diagnostic","Battery power; power scheme unchanged; no concurrent builds; thermal sensors unavailable; background system activity uncontrolled","unavailable: no thermal sensor measurement"
diagnostic,1,96000,32,32,steady,198326,344,68607559.709,10.000,100.000,100.000,200.000,65000.000,0.000,3333.333,0.001,0.060,false,"environment qualification unresolved","Intel(R) Core(TM) Ultra 7 155H","processor_architecture=9; logical_processors=22","33752997888 bytes","Windows 10.0.26200","10.0.26100.0","MSVC 1951 full=195136252 Release x64","{381b4222-f694-41f0-9685-ff5bb260df2e}","battery","71%","class=1/group=0/mask=0x3;class=0/group=0/mask=0x4;class=0/group=0/mask=0x8;class=0/group=0/mask=0x10;class=0/group=0/mask=0x20;class=0/group=0/mask=0x40;class=0/group=0/mask=0x80;class=0/group=0/mask=0x100;class=0/group=0/mask=0x200;class=1/group=0/mask=0xc00;class=1/group=0/mask=0x3000;class=1/group=0/mask=0xc000;class=1/group=0/mask=0x30000;class=1/group=0/mask=0xc0000;class=0/group=0/mask=0x100000;class=0/group=0/mask=0x200000; process_mask=0x3fffff","unpinned diagnostic","Battery power; power scheme unchanged; no concurrent builds; thermal sensors unavailable; background system activity uncontrolled","unavailable: no thermal sensor measurement"
diagnostic,1,96000,32,32,automation,197138,306,61120062.776,10.000,100.000,100.000,200.000,347400.000,0.000,3333.333,0.001,0.060,false,"environment qualification unresolved","Intel(R) Core(TM) Ultra 7 155H","processor_architecture=9; logical_processors=22","33752997888 bytes","Windows 10.0.26200","10.0.26100.0","MSVC 1951 full=195136252 Release x64","{381b4222-f694-41f0-9685-ff5bb260df2e}","battery","71%","class=1/group=0/mask=0x3;class=0/group=0/mask=0x4;class=0/group=0/mask=0x8;class=0/group=0/mask=0x10;class=0/group=0/mask=0x20;class=0/group=0/mask=0x40;class=0/group=0/mask=0x80;class=0/group=0/mask=0x100;class=0/group=0/mask=0x200;class=1/group=0/mask=0xc00;class=1/group=0/mask=0x3000;class=1/group=0/mask=0xc000;class=1/group=0/mask=0x30000;class=1/group=0/mask=0xc0000;class=0/group=0/mask=0x100000;class=0/group=0/mask=0x200000; process_mask=0x3fffff","unpinned diagnostic","Battery power; power scheme unchanged; no concurrent builds; thermal sensors unavailable; background system activity uncontrolled","unavailable: no thermal sensor measurement"
diagnostic,1,96000,32,32,bypass,195283,307,61250479.687,10.000,100.000,100.000,200.000,131100.000,0.000,3333.333,0.001,0.060,false,"environment qualification unresolved","Intel(R) Core(TM) Ultra 7 155H","processor_architecture=9; logical_processors=22","33752997888 bytes","Windows 10.0.26200","10.0.26100.0","MSVC 1951 full=195136252 Release x64","{381b4222-f694-41f0-9685-ff5bb260df2e}","battery","71%","class=1/group=0/mask=0x3;class=0/group=0/mask=0x4;class=0/group=0/mask=0x8;class=0/group=0/mask=0x10;class=0/group=0/mask=0x20;class=0/group=0/mask=0x40;class=0/group=0/mask=0x80;class=0/group=0/mask=0x100;class=0/group=0/mask=0x200;class=1/group=0/mask=0xc00;class=1/group=0/mask=0x3000;class=1/group=0/mask=0xc000;class=1/group=0/mask=0x30000;class=1/group=0/mask=0xc0000;class=0/group=0/mask=0x100000;class=0/group=0/mask=0x200000; process_mask=0x3fffff","unpinned diagnostic","Battery power; power scheme unchanged; no concurrent builds; thermal sensors unavailable; background system activity uncontrolled","unavailable: no thermal sensor measurement"
diagnostic,1,96000,32,97,oversized,183307,137,27258115.911,10.000,200.000,200.000,400.000,462800.000,0.000,10104.167,0.000,0.040,false,"environment qualification unresolved","Intel(R) Core(TM) Ultra 7 155H","processor_architecture=9; logical_processors=22","33752997888 bytes","Windows 10.0.26200","10.0.26100.0","MSVC 1951 full=195136252 Release x64","{381b4222-f694-41f0-9685-ff5bb260df2e}","battery","71%","class=1/group=0/mask=0x3;class=0/group=0/mask=0x4;class=0/group=0/mask=0x8;class=0/group=0/mask=0x10;class=0/group=0/mask=0x20;class=0/group=0/mask=0x40;class=0/group=0/mask=0x80;class=0/group=0/mask=0x100;class=0/group=0/mask=0x200;class=1/group=0/mask=0xc00;class=1/group=0/mask=0x3000;class=1/group=0/mask=0xc000;class=1/group=0/mask=0x30000;class=1/group=0/mask=0xc0000;class=0/group=0/mask=0x100000;class=0/group=0/mask=0x200000; process_mask=0x3fffff","unpinned diagnostic","Battery power; power scheme unchanged; no concurrent builds; thermal sensors unavailable; background system activity uncontrolled","unavailable: no thermal sensor measurement"
diagnostic,1,96000,64,64,steady,197001,202,40237566.952,10.000,100.000,200.000,200.000,213200.000,0.000,6666.667,0.000,0.030,false,"environment qualification unresolved","Intel(R) Core(TM) Ultra 7 155H","processor_architecture=9; logical_processors=22","33752997888 bytes","Windows 10.0.26200","10.0.26100.0","MSVC 1951 full=195136252 Release x64","{381b4222-f694-41f0-9685-ff5bb260df2e}","battery","71%","class=1/group=0/mask=0x3;class=0/group=0/mask=0x4;class=0/group=0/mask=0x8;class=0/group=0/mask=0x10;class=0/group=0/mask=0x20;class=0/group=0/mask=0x40;class=0/group=0/mask=0x80;class=0/group=0/mask=0x100;class=0/group=0/mask=0x200;class=1/group=0/mask=0xc00;class=1/group=0/mask=0x3000;class=1/group=0/mask=0xc000;class=1/group=0/mask=0x30000;class=1/group=0/mask=0xc0000;class=0/group=0/mask=0x100000;class=0/group=0/mask=0x200000; process_mask=0x3fffff","unpinned diagnostic","Battery power; power scheme unchanged; no concurrent builds; thermal sensors unavailable; background system activity uncontrolled","unavailable: no thermal sensor measurement"
diagnostic,1,96000,64,64,automation,200000,157,31391669.013,10.000,100.000,200.000,400.000,331500.000,0.000,6666.667,0.001,0.060,false,"200000 timing capacity exhausted; full window retained, sampled distribution truncated","Intel(R) Core(TM) Ultra 7 155H","processor_architecture=9; logical_processors=22","33752997888 bytes","Windows 10.0.26200","10.0.26100.0","MSVC 1951 full=195136252 Release x64","{381b4222-f694-41f0-9685-ff5bb260df2e}","battery","71%","class=1/group=0/mask=0x3;class=0/group=0/mask=0x4;class=0/group=0/mask=0x8;class=0/group=0/mask=0x10;class=0/group=0/mask=0x20;class=0/group=0/mask=0x40;class=0/group=0/mask=0x80;class=0/group=0/mask=0x100;class=0/group=0/mask=0x200;class=1/group=0/mask=0xc00;class=1/group=0/mask=0x3000;class=1/group=0/mask=0xc000;class=1/group=0/mask=0x30000;class=1/group=0/mask=0xc0000;class=0/group=0/mask=0x100000;class=0/group=0/mask=0x200000; process_mask=0x3fffff","unpinned diagnostic","Battery power; power scheme unchanged; no concurrent builds; thermal sensors unavailable; background system activity uncontrolled","unavailable: no thermal sensor measurement"
diagnostic,1,96000,64,64,bypass,198152,165,32802271.799,10.000,200.000,200.000,400.000,144800.000,0.000,6666.667,0.001,0.060,false,"environment qualification unresolved","Intel(R) Core(TM) Ultra 7 155H","processor_architecture=9; logical_processors=22","33752997888 bytes","Windows 10.0.26200","10.0.26100.0","MSVC 1951 full=195136252 Release x64","{381b4222-f694-41f0-9685-ff5bb260df2e}","battery","71%","class=1/group=0/mask=0x3;class=0/group=0/mask=0x4;class=0/group=0/mask=0x8;class=0/group=0/mask=0x10;class=0/group=0/mask=0x20;class=0/group=0/mask=0x40;class=0/group=0/mask=0x80;class=0/group=0/mask=0x100;class=0/group=0/mask=0x200;class=1/group=0/mask=0xc00;class=1/group=0/mask=0x3000;class=1/group=0/mask=0xc000;class=1/group=0/mask=0x30000;class=1/group=0/mask=0xc0000;class=0/group=0/mask=0x100000;class=0/group=0/mask=0x200000; process_mask=0x3fffff","unpinned diagnostic","Battery power; power scheme unchanged; no concurrent builds; thermal sensors unavailable; background system activity uncontrolled","unavailable: no thermal sensor measurement"
diagnostic,1,96000,64,193,oversized,195305,73,14418771.349,10.000,300.000,400.000,700.000,1110200.000,0.000,20104.167,0.000,0.035,false,"environment qualification unresolved","Intel(R) Core(TM) Ultra 7 155H","processor_architecture=9; logical_processors=22","33752997888 bytes","Windows 10.0.26200","10.0.26100.0","MSVC 1951 full=195136252 Release x64","{381b4222-f694-41f0-9685-ff5bb260df2e}","battery","71%","class=1/group=0/mask=0x3;class=0/group=0/mask=0x4;class=0/group=0/mask=0x8;class=0/group=0/mask=0x10;class=0/group=0/mask=0x20;class=0/group=0/mask=0x40;class=0/group=0/mask=0x80;class=0/group=0/mask=0x100;class=0/group=0/mask=0x200;class=1/group=0/mask=0xc00;class=1/group=0/mask=0x3000;class=1/group=0/mask=0xc000;class=1/group=0/mask=0x30000;class=1/group=0/mask=0xc0000;class=0/group=0/mask=0x100000;class=0/group=0/mask=0x200000; process_mask=0x3fffff","unpinned diagnostic","Battery power; power scheme unchanged; no concurrent builds; thermal sensors unavailable; background system activity uncontrolled","unavailable: no thermal sensor measurement"
diagnostic,1,96000,127,127,steady,193576,110,21954058.414,10.000,200.000,300.000,400.000,352200.000,0.000,13229.167,0.000,0.030,false,"environment qualification unresolved","Intel(R) Core(TM) Ultra 7 155H","processor_architecture=9; logical_processors=22","33752997888 bytes","Windows 10.0.26200","10.0.26100.0","MSVC 1951 full=195136252 Release x64","{381b4222-f694-41f0-9685-ff5bb260df2e}","battery","71%","class=1/group=0/mask=0x3;class=0/group=0/mask=0x4;class=0/group=0/mask=0x8;class=0/group=0/mask=0x10;class=0/group=0/mask=0x20;class=0/group=0/mask=0x40;class=0/group=0/mask=0x80;class=0/group=0/mask=0x100;class=0/group=0/mask=0x200;class=1/group=0/mask=0xc00;class=1/group=0/mask=0x3000;class=1/group=0/mask=0xc000;class=1/group=0/mask=0x30000;class=1/group=0/mask=0xc0000;class=0/group=0/mask=0x100000;class=0/group=0/mask=0x200000; process_mask=0x3fffff","unpinned diagnostic","Battery power; power scheme unchanged; no concurrent builds; thermal sensors unavailable; background system activity uncontrolled","unavailable: no thermal sensor measurement"
diagnostic,1,96000,127,127,automation,188823,93,18569634.787,10.000,300.000,400.000,600.000,69700.000,0.000,13229.167,0.000,0.045,false,"environment qualification unresolved","Intel(R) Core(TM) Ultra 7 155H","processor_architecture=9; logical_processors=22","33752997888 bytes","Windows 10.0.26200","10.0.26100.0","MSVC 1951 full=195136252 Release x64","{381b4222-f694-41f0-9685-ff5bb260df2e}","battery","71%","class=1/group=0/mask=0x3;class=0/group=0/mask=0x4;class=0/group=0/mask=0x8;class=0/group=0/mask=0x10;class=0/group=0/mask=0x20;class=0/group=0/mask=0x40;class=0/group=0/mask=0x80;class=0/group=0/mask=0x100;class=0/group=0/mask=0x200;class=1/group=0/mask=0xc00;class=1/group=0/mask=0x3000;class=1/group=0/mask=0xc000;class=1/group=0/mask=0x30000;class=1/group=0/mask=0xc0000;class=0/group=0/mask=0x100000;class=0/group=0/mask=0x200000; process_mask=0x3fffff","unpinned diagnostic","Battery power; power scheme unchanged; no concurrent builds; thermal sensors unavailable; background system activity uncontrolled","unavailable: no thermal sensor measurement"
diagnostic,1,96000,127,127,bypass,196057,85,16928757.461,10.000,300.000,400.000,700.000,112700.000,0.000,13229.167,0.001,0.053,false,"environment qualification unresolved","Intel(R) Core(TM) Ultra 7 155H","processor_architecture=9; logical_processors=22","33752997888 bytes","Windows 10.0.26200","10.0.26100.0","MSVC 1951 full=195136252 Release x64","{381b4222-f694-41f0-9685-ff5bb260df2e}","battery","71%","class=1/group=0/mask=0x3;class=0/group=0/mask=0x4;class=0/group=0/mask=0x8;class=0/group=0/mask=0x10;class=0/group=0/mask=0x20;class=0/group=0/mask=0x40;class=0/group=0/mask=0x80;class=0/group=0/mask=0x100;class=0/group=0/mask=0x200;class=1/group=0/mask=0xc00;class=1/group=0/mask=0x3000;class=1/group=0/mask=0xc000;class=1/group=0/mask=0x30000;class=1/group=0/mask=0xc0000;class=0/group=0/mask=0x100000;class=0/group=0/mask=0x200000; process_mask=0x3fffff","unpinned diagnostic","Battery power; power scheme unchanged; no concurrent builds; thermal sensors unavailable; background system activity uncontrolled","unavailable: no thermal sensor measurement"
diagnostic,1,96000,127,382,oversized,198313,36,7074330.096,10.000,600.000,800.000,1200.000,195100.000,0.000,39791.667,0.000,0.030,false,"environment qualification unresolved","Intel(R) Core(TM) Ultra 7 155H","processor_architecture=9; logical_processors=22","33752997888 bytes","Windows 10.0.26200","10.0.26100.0","MSVC 1951 full=195136252 Release x64","{381b4222-f694-41f0-9685-ff5bb260df2e}","battery","71%","class=1/group=0/mask=0x3;class=0/group=0/mask=0x4;class=0/group=0/mask=0x8;class=0/group=0/mask=0x10;class=0/group=0/mask=0x20;class=0/group=0/mask=0x40;class=0/group=0/mask=0x80;class=0/group=0/mask=0x100;class=0/group=0/mask=0x200;class=1/group=0/mask=0xc00;class=1/group=0/mask=0x3000;class=1/group=0/mask=0xc000;class=1/group=0/mask=0x30000;class=1/group=0/mask=0xc0000;class=0/group=0/mask=0x100000;class=0/group=0/mask=0x200000; process_mask=0x3fffff","unpinned diagnostic","Battery power; power scheme unchanged; no concurrent builds; thermal sensors unavailable; background system activity uncontrolled","unavailable: no thermal sensor measurement"
diagnostic,1,96000,256,256,steady,199502,54,10734276.358,10.000,400.000,400.000,800.000,470700.000,0.000,26666.667,0.000,0.030,false,"environment qualification unresolved","Intel(R) Core(TM) Ultra 7 155H","processor_architecture=9; logical_processors=22","33752997888 bytes","Windows 10.0.26200","10.0.26100.0","MSVC 1951 full=195136252 Release x64","{381b4222-f694-41f0-9685-ff5bb260df2e}","battery","71%","class=1/group=0/mask=0x3;class=0/group=0/mask=0x4;class=0/group=0/mask=0x8;class=0/group=0/mask=0x10;class=0/group=0/mask=0x20;class=0/group=0/mask=0x40;class=0/group=0/mask=0x80;class=0/group=0/mask=0x100;class=0/group=0/mask=0x200;class=1/group=0/mask=0xc00;class=1/group=0/mask=0x3000;class=1/group=0/mask=0xc000;class=1/group=0/mask=0x30000;class=1/group=0/mask=0xc0000;class=0/group=0/mask=0x100000;class=0/group=0/mask=0x200000; process_mask=0x3fffff","unpinned diagnostic","Battery power; power scheme unchanged; no concurrent builds; thermal sensors unavailable; background system activity uncontrolled","unavailable: no thermal sensor measurement"
diagnostic,1,96000,256,256,automation,191601,46,9109989.534,10.000,500.000,800.000,1200.000,1226100.000,0.000,26666.667,0.000,0.045,false,"environment qualification unresolved","Intel(R) Core(TM) Ultra 7 155H","processor_architecture=9; logical_processors=22","33752997888 bytes","Windows 10.0.26200","10.0.26100.0","MSVC 1951 full=195136252 Release x64","{381b4222-f694-41f0-9685-ff5bb260df2e}","battery","71%","class=1/group=0/mask=0x3;class=0/group=0/mask=0x4;class=0/group=0/mask=0x8;class=0/group=0/mask=0x10;class=0/group=0/mask=0x20;class=0/group=0/mask=0x40;class=0/group=0/mask=0x80;class=0/group=0/mask=0x100;class=0/group=0/mask=0x200;class=1/group=0/mask=0xc00;class=1/group=0/mask=0x3000;class=1/group=0/mask=0xc000;class=1/group=0/mask=0x30000;class=1/group=0/mask=0xc0000;class=0/group=0/mask=0x100000;class=0/group=0/mask=0x200000; process_mask=0x3fffff","unpinned diagnostic","Battery power; power scheme unchanged; no concurrent builds; thermal sensors unavailable; background system activity uncontrolled","unavailable: no thermal sensor measurement"
diagnostic,1,96000,256,256,bypass,190364,49,9635994.700,10.000,500.000,700.000,1100.000,265100.000,0.000,26666.667,0.000,0.041,false,"environment qualification unresolved","Intel(R) Core(TM) Ultra 7 155H","processor_architecture=9; logical_processors=22","33752997888 bytes","Windows 10.0.26200","10.0.26100.0","MSVC 1951 full=195136252 Release x64","{381b4222-f694-41f0-9685-ff5bb260df2e}","battery","71%","class=1/group=0/mask=0x3;class=0/group=0/mask=0x4;class=0/group=0/mask=0x8;class=0/group=0/mask=0x10;class=0/group=0/mask=0x20;class=0/group=0/mask=0x40;class=0/group=0/mask=0x80;class=0/group=0/mask=0x100;class=0/group=0/mask=0x200;class=1/group=0/mask=0xc00;class=1/group=0/mask=0x3000;class=1/group=0/mask=0xc000;class=1/group=0/mask=0x30000;class=1/group=0/mask=0xc0000;class=0/group=0/mask=0x100000;class=0/group=0/mask=0x200000; process_mask=0x3fffff","unpinned diagnostic","Battery power; power scheme unchanged; no concurrent builds; thermal sensors unavailable; background system activity uncontrolled","unavailable: no thermal sensor measurement"
diagnostic,1,96000,256,769,oversized,200000,19,3675902.059,10.000,1000.000,1500.000,2300.000,657400.000,0.000,80104.167,0.000,0.029,false,"200000 timing capacity exhausted; full window retained, sampled distribution truncated","Intel(R) Core(TM) Ultra 7 155H","processor_architecture=9; logical_processors=22","33752997888 bytes","Windows 10.0.26200","10.0.26100.0","MSVC 1951 full=195136252 Release x64","{381b4222-f694-41f0-9685-ff5bb260df2e}","battery","71%","class=1/group=0/mask=0x3;class=0/group=0/mask=0x4;class=0/group=0/mask=0x8;class=0/group=0/mask=0x10;class=0/group=0/mask=0x20;class=0/group=0/mask=0x40;class=0/group=0/mask=0x80;class=0/group=0/mask=0x100;class=0/group=0/mask=0x200;class=1/group=0/mask=0xc00;class=1/group=0/mask=0x3000;class=1/group=0/mask=0xc000;class=1/group=0/mask=0x30000;class=1/group=0/mask=0xc0000;class=0/group=0/mask=0x100000;class=0/group=0/mask=0x200000; process_mask=0x3fffff","unpinned diagnostic","Battery power; power scheme unchanged; no concurrent builds; thermal sensors unavailable; background system activity uncontrolled","unavailable: no thermal sensor measurement"
diagnostic,1,96000,1024,1024,steady,189247,15,2919942.080,10.000,1300.000,2300.000,2900.000,595400.000,0.000,106666.667,0.000,0.027,false,"environment qualification unresolved","Intel(R) Core(TM) Ultra 7 155H","processor_architecture=9; logical_processors=22","33752997888 bytes","Windows 10.0.26200","10.0.26100.0","MSVC 1951 full=195136252 Release x64","{381b4222-f694-41f0-9685-ff5bb260df2e}","battery","71%","class=1/group=0/mask=0x3;class=0/group=0/mask=0x4;class=0/group=0/mask=0x8;class=0/group=0/mask=0x10;class=0/group=0/mask=0x20;class=0/group=0/mask=0x40;class=0/group=0/mask=0x80;class=0/group=0/mask=0x100;class=0/group=0/mask=0x200;class=1/group=0/mask=0xc00;class=1/group=0/mask=0x3000;class=1/group=0/mask=0xc000;class=1/group=0/mask=0x30000;class=1/group=0/mask=0xc0000;class=0/group=0/mask=0x100000;class=0/group=0/mask=0x200000; process_mask=0x3fffff","unpinned diagnostic","Battery power; power scheme unchanged; no concurrent builds; thermal sensors unavailable; background system activity uncontrolled","unavailable: no thermal sensor measurement"
diagnostic,1,96000,1024,1024,automation,196838,12,2337836.026,10.000,2000.000,3100.000,4500.000,1179200.000,0.000,106666.667,0.000,0.042,false,"environment qualification unresolved","Intel(R) Core(TM) Ultra 7 155H","processor_architecture=9; logical_processors=22","33752997888 bytes","Windows 10.0.26200","10.0.26100.0","MSVC 1951 full=195136252 Release x64","{381b4222-f694-41f0-9685-ff5bb260df2e}","battery","71%","class=1/group=0/mask=0x3;class=0/group=0/mask=0x4;class=0/group=0/mask=0x8;class=0/group=0/mask=0x10;class=0/group=0/mask=0x20;class=0/group=0/mask=0x40;class=0/group=0/mask=0x80;class=0/group=0/mask=0x100;class=0/group=0/mask=0x200;class=1/group=0/mask=0xc00;class=1/group=0/mask=0x3000;class=1/group=0/mask=0xc000;class=1/group=0/mask=0x30000;class=1/group=0/mask=0xc0000;class=0/group=0/mask=0x100000;class=0/group=0/mask=0x200000; process_mask=0x3fffff","unpinned diagnostic","Battery power; power scheme unchanged; no concurrent builds; thermal sensors unavailable; background system activity uncontrolled","unavailable: no thermal sensor measurement"
diagnostic,1,96000,1024,1024,bypass,193191,14,2762301.685,10.000,1300.000,2300.000,3100.000,737300.000,0.000,106666.667,0.000,0.029,false,"environment qualification unresolved","Intel(R) Core(TM) Ultra 7 155H","processor_architecture=9; logical_processors=22","33752997888 bytes","Windows 10.0.26200","10.0.26100.0","MSVC 1951 full=195136252 Release x64","{381b4222-f694-41f0-9685-ff5bb260df2e}","battery","71%","class=1/group=0/mask=0x3;class=0/group=0/mask=0x4;class=0/group=0/mask=0x8;class=0/group=0/mask=0x10;class=0/group=0/mask=0x20;class=0/group=0/mask=0x40;class=0/group=0/mask=0x80;class=0/group=0/mask=0x100;class=0/group=0/mask=0x200;class=1/group=0/mask=0xc00;class=1/group=0/mask=0x3000;class=1/group=0/mask=0xc000;class=1/group=0/mask=0x30000;class=1/group=0/mask=0xc0000;class=0/group=0/mask=0x100000;class=0/group=0/mask=0x200000; process_mask=0x3fffff","unpinned diagnostic","Battery power; power scheme unchanged; no concurrent builds; thermal sensors unavailable; background system activity uncontrolled","unavailable: no thermal sensor measurement"
diagnostic,1,96000,1024,3073,oversized,188375,5,973993.588,10.000,3800.000,6700.000,9000.000,761200.000,0.000,320104.167,0.000,0.028,false,"environment qualification unresolved","Intel(R) Core(TM) Ultra 7 155H","processor_architecture=9; logical_processors=22","33752997888 bytes","Windows 10.0.26200","10.0.26100.0","MSVC 1951 full=195136252 Release x64","{381b4222-f694-41f0-9685-ff5bb260df2e}","battery","71%","class=1/group=0/mask=0x3;class=0/group=0/mask=0x4;class=0/group=0/mask=0x8;class=0/group=0/mask=0x10;class=0/group=0/mask=0x20;class=0/group=0/mask=0x40;class=0/group=0/mask=0x80;class=0/group=0/mask=0x100;class=0/group=0/mask=0x200;class=1/group=0/mask=0xc00;class=1/group=0/mask=0x3000;class=1/group=0/mask=0xc000;class=1/group=0/mask=0x30000;class=1/group=0/mask=0xc0000;class=0/group=0/mask=0x100000;class=0/group=0/mask=0x200000; process_mask=0x3fffff","unpinned diagnostic","Battery power; power scheme unchanged; no concurrent builds; thermal sensors unavailable; background system activity uncontrolled","unavailable: no thermal sensor measurement"
